"Speed / Throughput","Source Coverage","Solution Theme","Inputs","Dimensions","Weight","Important Caveats","Accessories / Options","Industry 4.0 Relevance","Primary Use Case","Line Integration Complexity","Proposal Positioning","Sales Priority","Safety / Compliance / Standards","Product Family","Proposal Section Fit","Manufacturing Flow Stage","Core Buyer Value","Row Type","Outputs","Funnel Stage Fit","Best-Fit Customer Question","Signed Scope Note","Production / Context Tags","Differentiators","Spec Confidence","Display / UI","Material / Cable Applicability","Target Personas","Product Type","Operating Conditions","Range / Capacity","Cross-Sell / Complementary Products","Primary Buyer Problem","Notes For Sales Team","Model / Variant","Parent Product / Platform","Discovery Questions","Communication / Integration","Power Supply","Recommended CTA","Signed Scope Treatment","Measured / Controlled Parameter","Product / Model Name","url"
"Online measurement","Puretronics Wire and Cable Industry Product Portfolio and Technical Reference.md; WTI source sheet; Appendix A","[""Tension Measurement \u0026 Control"",""Data \u0026 Reporting""]","Tension via pulley/sensor assembly","","","Measurement/indication, not full controller.","Data logger option; RS485 Modbus option; loadcell/control ecosystem","High","Online tension measurement/indication for larger wires.","Medium","Position as the larger-wire tension indication variant for line diagnosis and process visibility.","Strategic","Industry 4.0 positioning","Tension / Braking / Line Control","[""Portfolio Map"",""Product Family Profile"",""Technical Appendix"",""Automation / Industry 4.0"",""Use Case Matrix""]","03 Tension & Braking Control","Better line diagnosis and process control.","Model / Variant","0-10VDC / 4-20mA; optional transistor output","[""Awareness"",""Consideration"",""Technical Evaluation"",""Commercial Discussion"",""Retention / Expansion""]","Are larger wires creating tension variation that operators cannot see in real time?","Covered by signed Services Agreement Annexure A dated 9 July 2026. Product intelligence must remain within the signed Wire & Cable pilot scope; final specs/configuration to be verified where row caveats require.","[""Pay-off"",""Tension Control"",""Rewinding"",""Coiling""]","2-10mm wire, same analog/digital output family, no-maintenance positioning.","Variant-Dependent","Digital indicator","Larger wire/cable processes","[""Production Manager"",""Maintenance Head"",""Automation Engineer"",""Plant Head"",""Sales Engineer""]","Controller","Larger wire size variant","2-10mm wire; 40kg/15kg tension","Loadcells; LTC-PRO; pneumatic brake.","Need online tension indication for larger wires.","Keep the larger-wire fit clear; do not position it as a replacement for LTC-PRO control.","WTI-100-40","WTI Series","What wire range and target tension do you run? Do you need outputs for logging, alarms, or automation integration?","Optional RS485 Modbus; data logger option","24VDC","Audit line","Covered Primary / Variant","Online tension","Wire Tension Indicator WTI-100-40","https://app.notion.com/p/90e3dd29567d82bd96c60160885a3ba1"
"Inline during production","Puretronics Wire and Cable Industry Product Portfolio and Technical Reference.md; Spark Tester IoT accessories section; Appendix A","[""Spark Testing \u0026 Fault Intelligence"",""Data \u0026 Reporting""]","Spark tester fault signal","","","Covered support item only; pair with a core spark tester and verify integration requirements at quotation.","Use with Live/Acute/DC Spark Testers; Stage 2 logging; Stage 3 marking","High","Fault type classification and interface layer for spark tester outputs.","High","Position as a support upgrade layer for spark testing fault interpretation, not a standalone signed-scope product.","Supporting","Industry 4.0 compliant","Inline Spark Testing & Insulation Fault Detection","[""Accessories"",""Automation / Industry 4.0"",""Compliance / QA"",""Technical Appendix""]","16 Data / Reporting Layer","Better defect interpretation and downstream action.","Accessory","Fault type interface","[""Consideration"",""Technical Evaluation"",""Commercial Discussion"",""Retention / Expansion""]","Do operators need to distinguish bare patches from pin holes and send fault information into another system?","Covered as a support item only under signed Services Agreement Annexure A dated 9 July 2026; no standalone page, campaign, form, automation, outreach sequence, SEO asset, selector, calculator, configurator, or extra deliverable unless separately approved in writing.","[""Inspection"",""Data Layer""]","Differentiates bare patch vs pin hole; supports ERP/system integration.","Source-Limited","User interface for fault categories","Spark tester fault output","[""QA/QC Head"",""Automation Engineer"",""Production Manager"",""Sales Engineer""]","Accessory","Accessory stage","Bare patch vs pin hole category logic","Spark testers; Stage 2; Stage 3.","Need to classify fault type, not just count faults.","Pitch when the buyer has defect-analysis pain, not only test-voltage pain.","Stage 1 Fault Interface","Spark Tester IoT Accessories","What fault categories must be separated? Does the signal need to flow to ERP, PLC, HMI, or logging software?","ERP/other system integration","Tied to spark tester system","Request demo","Covered Support Item","Fault classification","Spark Tester IoT Stage 1 Fault Interface","https://app.notion.com/p/cea3dd29567d83fdb07301a285e2c07c"
"1000 m/min","Puretronics Wire and Cable Industry Product Portfolio and Technical Reference.md; Inline Induction Wire Preheater source sheet; Appendix A","[""Wire Preheating \u0026 Adhesion""]","Wire path through pulleys","1440 x 790 x 630mm","","Model naming repeats PH 10019C across variants.","Optional non-contact temperature indicator/controller","Medium","Pre-extrusion conductor heating for insulation adhesion and dielectric quality improvement.","High","Position as process-quality equipment that improves conductor preparation before extrusion.","Strategic","Door interlock; overload protection","Process Equipment & Line Auxiliaries","[""Portfolio Map"",""Product Family Profile"",""Technical Appendix"",""Use Case Matrix""]","04 Pre-extrusion / Preheating","Improves dielectric quality and adhesion.","Model / Variant","Heated conductor; displayed process data","[""Awareness"",""Consideration"",""Technical Evaluation"",""Commercial Discussion"",""Retention / Expansion""]","Are conductor temperature, adhesion, or dielectric quality limiting your extrusion line performance?","Covered by signed Services Agreement Annexure A dated 9 July 2026. Product intelligence must remain within the signed Wire & Cable pilot scope; final specs/configuration to be verified where row caveats require.","[""Pre-extrusion""]","0.4-3.6mm wire, 18KW, 190 Celsius max, speed-independent temperature control.","Variant-Dependent","Control display; glass-window cabinet","Copper and specified wire materials","[""Production Manager"",""Plant Head"",""Maintenance Head"",""Automation Engineer"",""Sales Engineer""]","Preheater","Speed-independent temperature control; bi-directional style family","0.4-3.6mm wire; 190 Celsius max","Laser gauge; Spark Tester; WTI.","Need better insulation adhesion and line speed for larger wire range.","Use when extrusion quality, adhesion, or dielectric performance is the customer pain.","1000 m/min variant","Inline Induction Preheater","What conductor material, wire diameter, target temperature, line speed, and temperature-control method are needed?","Optional non-contact temp indicator/controller","380-460VAC, 3-phase, 50/60Hz","Audit line","Covered Primary / Variant","Conductor preheat","Inline Induction Wire Preheater - 1000 m/min","https://app.notion.com/p/5b63dd29567d8359a35281261d823025"
"Up to 1200 RPM","Puretronics Wire and Cable Industry Product Portfolio and Technical Reference.md; Pneumatic Brake source sheet; Appendix A","[""Tension Measurement \u0026 Control"",""Braking \u0026 Unwind/Rewind Control""]","Compressed air to caliper","","52kg","Use with LTC-PRO/loadcells for stronger control story.","Customizable calipers, pads, hub, fan","Medium","Higher-torque pneumatic braking for heavy unwind/rewind applications.","Medium","Position as the heavy-duty pneumatic brake option for larger tension-control systems.","Strategic","Pressure range 0.2-6 bar","Tension / Braking / Line Control","[""Product Family Profile"",""Technical Appendix"",""Automation / Industry 4.0"",""Use Case Matrix""]","03 Tension & Braking Control","Higher torque braking for heavy-duty applications.","Model / Variant","Braking force / torque","[""Consideration"",""Technical Evaluation"",""Commercial Discussion"",""Retention / Expansion""]","Is your application heavy-duty enough to require the largest AX brake option?","Covered by signed Services Agreement Annexure A dated 9 July 2026. Product intelligence must remain within the signed Wire & Cable pilot scope; final specs/configuration to be verified where row caveats require.","[""Braking"",""Pay-off"",""Rewinding""]","33 kg m max torque/caliper, 1200 RPM, 52kg, customizable calipers/pads/hub/fan.","Variant-Dependent","Mechanical brake assembly","Heavy unwind/rewind","[""Plant Head"",""Production Manager"",""Maintenance Head"",""Automation Engineer"",""Sales Engineer""]","Brake","Heavy-duty configuration; inertia 0.66 kg m2","33 kg m max torque/caliper; 0.33 kg m min","LTC-PRO; AR-ST / AR-HD loadcells.","Need larger pneumatic braking torque.","Ask for machine and roll data before recommending this; it should feel engineered, not commodity.","AX-500","AX Pneumatic Brake Series","What maximum torque, RPM, heat load, roll size, and brake configuration are required?","Works with tension-control systems","Pneumatic air pressure","Schedule technical call","Covered Primary / Variant","Braking torque","AX-500 Pneumatic Brake","https://app.notion.com/p/5383dd29567d83d1853f81fc6004a295"
"800 scans/sec/axis","Puretronics Wire and Cable Industry Product Portfolio and Technical Reference.md; LASER 2000 Series section; Appendix A","[""Dimensional Measurement \u0026 Control"",""Data \u0026 Reporting""]","Product through scan gate","230 x 159 x 55mm","5.8kg","Best positioned for small-diameter precision.","DPM controller, alarm relay, software","High","Small-diameter dual-axis measurement with relay alarm outputs.","Medium","Frame as the compact precision option for very small wires, rods, and flat products.","Strategic","Dustproof/waterproof; no corrosive gas/oil/steam/dust; visible Class 2 laser","Inline Measurement & Dimensional Control","[""Portfolio Map"",""Product Family Profile"",""Technical Appendix"",""Automation / Industry 4.0"",""Use Case Matrix""]","08 Online Measurement","Supports small product quality control.","Model / Variant","Two relay alarms","[""Awareness"",""Consideration"",""Technical Evaluation"",""Commercial Discussion""]","Do you need a compact laser gauge for small-diameter precision measurement?","Covered by signed Services Agreement Annexure A dated 9 July 2026. Product intelligence must remain within the signed Wire & Cable pilot scope; final specs/configuration to be verified where row caveats require.","[""Extrusion"",""Inspection"",""Data Layer""]","0.1-12mm range, visible Class 2 laser, RS485 Modbus, alarm output.","Complete Source-Backed","5-digit red LED","Small wires, rods, flat products","[""Production Manager"",""QA/QC Head"",""Automation Engineer"",""R&D / Technical Team"",""Sales Engineer""]","Gauge","Dustproof/waterproof; avoid corrosive gas, oil, steam, and dust exposure","0.1-12mm","DPM controller; alarm relay; software.","Need compact high-precision measurement for very small products.","Keep this distinct from H-series; it is the compact LASER 2000 small-range option.","LASER-2030","LASER 2000 Series","Is your product range below 12mm? Do you need alarm outputs and Modbus communication?","RS485 Modbus","24V, 1A contact load","Share specs","Covered Primary / Variant","Diameter, width, thickness, ovality","LASER-2030","https://app.notion.com/p/c253dd29567d832aa50781ce6ee1ff4b"
"Offline test","Puretronics Wire and Cable Industry Product Portfolio and Technical Reference.md; brochure HV tester section; Appendix A","[""Electrical/HV Validation""]","HV probe; test setup","Not specified in reference","","Other voltage/current ranges on request.","Other voltage/current ranges on request","Medium","Offline AC high-voltage insulation testing for cable QA and validation.","Medium","Use as the AC counterpart to DC HV testing for offline insulation validation.","Supporting","Door interlock; fast breakdown cutoff","Cable Testing & Validation","[""Product Family Profile"",""Compliance / QA"",""Technical Appendix"",""Use Case Matrix""]","12 Offline HV Testing","Heavy-duty offline insulation validation.","Product","Audio/visual fault indication","[""Consideration"",""Technical Evaluation"",""Commercial Discussion""]","Do you need offline AC HV testing with leakage-current setting and fast breakdown cutoff?","Covered by signed Services Agreement Annexure A dated 9 July 2026. Product intelligence must remain within the signed Wire & Cable pilot scope; final specs/configuration to be verified where row caveats require.","[""Offline Testing"",""QA""]","Up to 40KV, up to 1A, leakage current settable, special transformer design.","Variant-Dependent","Analogue current/voltage meter; digital timer","Cable insulation testing","[""QA/QC Head"",""Maintenance Head"",""Production Manager"",""R&D / Technical Team"",""Sales Engineer""]","Tester","Heavy-duty AC HV test equipment","Up to 40KV; up to 1A","DC HV Tester; Spark Tester.","Need AC high-voltage insulation testing with leakage current control.","Use when the buyer specifically needs AC HV behavior or leakage-current control.","AC HV Tester","HV Tester Platform","What AC voltage/current range and leakage-current limit are required? Are special modes or transformer design needed?","Various modes; leakage current settable","230VAC 50-60Hz","Share specs","Covered Primary / Variant","High-voltage insulation testing","AC HV Tester","https://app.notion.com/p/20d3dd29567d83678f15019cb9439ecb"
"Up to 250 m/min","Puretronics Wire and Cable Industry Product Portfolio and Technical Reference.md; LSP Static Powder Applicator source sheet; Appendix A","[""Static Powder Application""]","Cable through applicator; powder/air/utilities","1300 x 1004 x 925mm","Approx. 230kg","Higher-speed LSP variant.","Powder recovery, HMI diagnostics, air/earthing setup, alarms/logs","High","Higher-speed electrostatic powder/talc application with HMI diagnostics and recovery.","High","Use as the higher-throughput LSP option for customers prioritizing speed and controlled shopfloor powdering.","Hero","Earthing below 1V; dedicated earth; moisture-free panel air","Process Equipment & Line Auxiliaries","[""Portfolio Map"",""Product Family Profile"",""Technical Appendix"",""Automation / Industry 4.0"",""Use Case Matrix""]","05 Powdering / Talc Application","Higher speed powder control with same clean-shopfloor value.","Model / Variant","Coated cable; alarms/logs","[""Awareness"",""Consideration"",""Technical Evaluation"",""Commercial Discussion"",""Retention / Expansion""]","Do you need cleaner powdering at higher line speed than the G1 variant supports?","Covered by signed Services Agreement Annexure A dated 9 July 2026. Product intelligence must remain within the signed Wire & Cable pilot scope; final specs/configuration to be verified where row caveats require.","[""Powdering"",""Extrusion""]","Up to 250 m/min, 40mm cable OD, 3.5KW, 230kg approx.","Complete Source-Backed","Siemens 7-inch color HMI or equivalent","PVC insulation wire; rubber-plastic insulation wire coating","[""Plant Head"",""Production Manager"",""Maintenance Head"",""Automation Engineer"",""Sales Engineer""]","Applicator","Powder must be clean and dry; approx. 70dB","Up to 40mm cable OD; powder mesh 2000+","LSP-G1; preheater; laser gauge.","Need higher-productivity controlled powdering.","Qualify speed first; G2 is the productivity variant.","LSP-G2","LSP Static Powder Applicator","Is line speed above 150 m/min? What cable OD, powder mesh, utilities, and cleanliness targets apply?","HMI; diagnostics","415VAC, 3-phase, 50/60Hz","Request demo","Covered Primary / Variant","Talc/powder application","LSP-G2 Static Powder Applicator","https://app.notion.com/p/db23dd29567d830cb0148145e7185f7f"
"800 scans/sec/axis","Puretronics Wire and Cable Industry Product Portfolio and Technical Reference.md; LASER 2000 Series section; Appendix A","[""Dimensional Measurement \u0026 Control"",""Data \u0026 Reporting""]","Product through dual-axis scan","260 x 232 x 55mm","5kg","Must not be dropped into water.","DPM controller, PLC/computer integration, external alarm","High","Dual-axis online laser scan measurement for wire, cable, pipes, rods, and flat products.","Medium","Frame as a dual-axis dimensional QA platform for broader measurement coverage and automation connectivity.","Strategic","Dustproof/waterproof; no corrosive gas/oil/steam/dust","Inline Measurement & Dimensional Control","[""Portfolio Map"",""Product Family Profile"",""Technical Appendix"",""Automation / Industry 4.0"",""Use Case Matrix""]","08 Online Measurement","More stable dimensional QA across diameter, width, thickness, ovality.","Model / Variant","Two relay alarms; optional control signal via DPM","[""Awareness"",""Consideration"",""Technical Evaluation"",""Commercial Discussion""]","Do you need dual-axis online measurement for diameter, width, thickness, and ovality?","Covered by signed Services Agreement Annexure A dated 9 July 2026. Product intelligence must remain within the signed Wire & Cable pilot scope; final specs/configuration to be verified where row caveats require.","[""Extrusion"",""Inspection"",""Data Layer""]","0.5-65mm range, dual-axis laser scan, 800 scans/sec/axis, RS485 Modbus.","Complete Source-Backed","5-digit red LED","Wire, cable, pipes, rods, flat cable","[""Production Manager"",""QA/QC Head"",""Automation Engineer"",""R&D / Technical Team"",""Sales Engineer""]","Gauge","Dustproof/waterproof; avoid corrosive gas, oil, steam, and dust exposure; must not be dropped into water","0.5-65mm","DPM controller; PLC; PC software; external alarm.","Need high-accuracy dual-axis scan measurement for medium/large product range.","Lead with dual-axis measurement and RS485 Modbus when automation teams are involved.","LASER-2060","LASER 2000 Series","Which dimensions must be monitored? Do you need alarm relays, DPM controller output, PLC integration, or computer logging?","RS485 Modbus; PLC; computer; DPM","24V, 1A contact load","Schedule technical call","Covered Primary / Variant","Diameter, width, thickness, ovality","LASER-2060","https://app.notion.com/p/e973dd29567d838c9610013415149288"
"Manual / production support","Puretronics Wire and Cable Industry Product Portfolio and Technical Reference.md; Butt Welding Machine source sheet; Appendix A","[""Conductor Joining \u0026 Repair""]","Wire into clamps/guides","840 x 740 x 1200mm","70kg","Position as support equipment, not core QA system.","Ceramic tube sizing, foot pedal, clamp/guides","Low","Manual/production support wire joining and repair for copper and aluminium conductors.","Low","Position as practical production-support equipment rather than a core QA or automation system.","Supporting","Ceramic tube helps maintain wire size","Process Equipment & Line Auxiliaries","[""Product Family Profile"",""Technical Appendix"",""Use Case Matrix""]","02 Joining / Butt Welding","Easier in-line joining and repair.","Product","Welded joint","[""Consideration"",""Technical Evaluation"",""Commercial Discussion""]","How are operators joining or repairing copper/aluminium conductors during production?","Covered by signed Services Agreement Annexure A dated 9 July 2026. Product intelligence must remain within the signed Wire & Cable pilot scope; final specs/configuration to be verified where row caveats require.","[""Joining"",""Repair""]","0.2-6 sqmm, digital timer/intensity, ceramic tube sizing, foot pedal.","Complete Source-Backed","Digital display; timer/intensity control; foot pedal","Copper and aluminium; stranded wire and solid conductor","[""Production Manager"",""Maintenance Head"",""Purchase / Procurement"",""Sales Engineer""]","Welder","Manual shopfloor support equipment","0.2-6 sqmm","WTI; laser gauge.","Need precise wire joining for copper/aluminium conductors.","Good supporting line item when conductor joining/rework is a visible shopfloor pain.","Butt Welding Machine","Butt Welding Machine","What conductor material, cross-section, stranded/solid type, and operator workflow are involved?","Digital controls","230VAC; 1KVA transformer","Share specs","Covered Primary / Variant","Wire joining","Butt Welding Machine","https://app.notion.com/p/2373dd29567d82039c04018467d4cc3d"
"Online sensing","Puretronics Wire and Cable Industry Product Portfolio and Technical Reference.md; Loadcell product sheet; Appendix A","[""Tension Measurement \u0026 Control""]","Mechanical force on transducer","","","Product-sheet and brochure capacity variants should be verified.","LA-175/LXR amplifier/controller; WTI; LTC-PRO","Medium","Flange-mount loadcell input for tension measurement and control systems.","Medium","Position as the sensing element in a wider WTI/LTC-PRO/brake tension-control architecture.","Strategic","CE/ATEX references; overload protection","Tension / Braking / Line Control","[""Product Family Profile"",""Technical Appendix"",""Automation / Industry 4.0"",""Use Case Matrix""]","03 Tension & Braking Control","Accurate tension transducer input for automation.","Model / Variant","20mV/10V signal","[""Consideration"",""Technical Evaluation"",""Commercial Discussion"",""Retention / Expansion""]","What tension/force range and shaft mounting do you need for sensing?","Covered by signed Services Agreement Annexure A dated 9 July 2026. Product intelligence must remain within the signed Wire & Cable pilot scope; final specs/configuration to be verified where row caveats require.","[""Tension Control"",""Pay-off""]","5-200kg capacities, 17mm shaft OD, 20mV/10V, 300% full-scale protection.","Variant-Dependent","Via connected amplifier/display","Paper, film, foil, rubber, sheet metal, fabric, metal wire","[""Automation Engineer"",""Maintenance Head"",""Production Manager"",""Sales Engineer""]","Loadcell","300% full-scale protection","5-200kg; 17mm shaft OD","LA-175/LXR; LTC-PRO; WTI.","Need flange-mount force sensing for lighter/mid capacities.","Always qualify capacity and mechanical mounting before quoting.","AR-85 Series","Loadcell Series","What capacity, shaft OD, roller geometry, and amplifier/controller interface are required?","Amplifier/controller integration","10VDC excitation","Quote configuration","Covered Primary / Variant","Web/wire tension force","Loadcell AR-85 Series","https://app.notion.com/p/3373dd29567d82e4ae98814f535f98b3"
"1500 m/min","Puretronics Wire and Cable Industry Product Portfolio and Technical Reference.md; Inline Induction Wire Preheater source sheet; Appendix A","[""Wire Preheating \u0026 Adhesion""]","Wire path through pulleys","1440 x 790 x 630mm","","Verify final model naming at quotation.","Optional temperature controller/non-contact indicator","Medium","High-speed pre-extrusion conductor heating for mid-range wire sizes.","High","Use as the mid-range speed/diameter preheater variant for faster extrusion lines.","Strategic","Door interlock; overload protection","Process Equipment & Line Auxiliaries","[""Portfolio Map"",""Product Family Profile"",""Technical Appendix"",""Use Case Matrix""]","04 Pre-extrusion / Preheating","Better quality at faster lines.","Model / Variant","Heated conductor; displayed process data","[""Awareness"",""Consideration"",""Technical Evaluation"",""Commercial Discussion"",""Retention / Expansion""]","Do you need conductor preheating at higher line speeds for mid-range wire diameters?","Covered by signed Services Agreement Annexure A dated 9 July 2026. Product intelligence must remain within the signed Wire & Cable pilot scope; final specs/configuration to be verified where row caveats require.","[""Pre-extrusion""]","0.5-2.8mm wire, 15KW, 1500 m/min, door interlocking.","Variant-Dependent","Control display","Copper and specified wire materials","[""Production Manager"",""Plant Head"",""Maintenance Head"",""Automation Engineer"",""Sales Engineer""]","Preheater","Speed-independent preheating; extrusion-line integration","0.5-2.8mm wire; 190 Celsius max","Laser gauge; Spark Tester.","Need higher speed preheating for mid-range wires.","A natural fit where higher speed is needed but wire size is still mid-range.","1500 m/min variant","Inline Induction Preheater","What is your line speed and wire diameter range? Do you need optional temperature control or non-contact temperature indication?","Optional temp controller","380-460VAC, 3-phase, 50/60Hz","Audit line","Covered Primary / Variant","Conductor preheat","Inline Induction Wire Preheater - 1500 m/min","https://app.notion.com/p/5443dd29567d820c9efa0108105779c7"
"200 m/min","Puretronics Wire and Cable Industry Product Portfolio and Technical Reference.md; Live Spark Tester source sheet; Appendix A","[""Spark Testing \u0026 Fault Intelligence""]","Cable through 350mm bead-chain electrode","820W x 1160H x 460Dmm","","Heavy-duty AC spark testing.","IoT fault interface, data logging, calibrator, bead-chain/electrode options","Medium","Inline AC spark testing for insulation fault detection after cooling, extrusion, or rewinding.","Medium","Position as the primary inline insulation fault-detection anchor for standard wire and cable QA.","Hero","Door interlock; international standards","Inline Spark Testing & Insulation Fault Detection","[""Portfolio Map"",""Product Family Profile"",""Technical Appendix"",""Compliance / QA"",""Use Case Matrix""]","09 Spark / Fault Inspection","Prevents defective cable from reaching customer.","Product","Fault count; relay/interlock outputs","[""Awareness"",""Consideration"",""Technical Evaluation"",""Commercial Discussion"",""Retention / Expansion""]","How do you catch insulation pinholes, bare patches, or defects before the cable reaches the customer?","Covered by signed Services Agreement Annexure A dated 9 July 2026. Product intelligence must remain within the signed Wire & Cable pilot scope; final specs/configuration to be verified where row caveats require.","[""Inspection"",""Extrusion"",""Rewinding""]","1.5-15/25/40KV, 350mm bead-chain housing, 0.5-40mm OD, door interlock.","Variant-Dependent","Digital LED HV meter; LCD fault counter","Power, control, telecom, LAN, RF, automotive, building wire","[""QA/QC Head"",""Production Manager"",""Plant Head"",""Maintenance Head"",""Sales Engineer""]","Tester","Running height 950-1100mm","1.5-15/25/40KV; 0.5-40mm OD; 60mm on demand","IoT Stage 1; data logging; calibrator.","Need insulation fault detection after cooling or inspection.","Lead with quality-risk prevention; attach IoT rows when the buyer cares about fault analytics and traceability.","Live Spark Tester","Spark Tester Platform","What test voltage, cable OD, line speed, electrode length, fault output, and logging requirement do you need?","Potential-free changeover; optional data logging","230VAC 50/60Hz, 1KVA","Schedule technical call","Covered Primary / Variant","Insulation fault detection","Live Spark Tester","https://app.notion.com/p/8953dd29567d8316a8ec817e072aa5fe"
"416 scans/sec; 210 m/sec scan velocity","Puretronics Wire and Cable Industry Product Portfolio and Technical Reference.md; LASER 2008B product sheet; Appendix A","[""Dimensional Measurement \u0026 Control"",""Data \u0026 Reporting""]","Product through large gate","820 x 365 x 82mm","13.240kg","Use where larger gate is required.","Stand LASER 2008B, extra display, motorised controller, HMI/data options","High","Online non-contact OD/ovality measurement for larger products.","Medium","Use where the prospect needs the LASER 2008 value story but with much larger OD/gate coverage.","Strategic","Non-contact","Inline Measurement & Dimensional Control","[""Portfolio Map"",""Product Family Profile"",""Technical Appendix"",""Automation / Industry 4.0"",""Use Case Matrix""]","08 Online Measurement","Extends online measurement to larger OD products.","Model / Variant","Alarm/digital/analog integration by setup","[""Awareness"",""Consideration"",""Technical Evaluation"",""Commercial Discussion""]","Are larger cable, tube, or profile diameters making standard laser gates impractical?","Covered by signed Services Agreement Annexure A dated 9 July 2026. Product intelligence must remain within the signed Wire & Cable pilot scope; final specs/configuration to be verified where row caveats require.","[""Extrusion"",""Inspection"",""Data Layer""]","1.0-150mm range, 190mm gate, 10 micron resolution, same communication family.","Variant-Dependent","Digital LED / HMI extension","Larger wire/cable/tube products","[""Production Manager"",""QA/QC Head"",""Automation Engineer"",""Plant Head"",""Sales Engineer""]","Gauge","Large-gate measurement configuration for larger products","1.0-150mm; 190mm gate","Stand LASER 2008B; extra display; motorised controller.","Need larger-gate non-contact measurement for bigger cable/tube profiles.","Qualify OD range early; this is the larger-product counterpart to LASER 2008.","LASER 2008B","LASER 2008 platform","What is the largest OD and required tolerance? Is a large gate required? Do you need PC/HMI integration or alarm outputs?","RS232/485; PC software; HMI options","85-285VAC","Share specs","Covered Primary / Variant","Diameter, ovality, width/height","LASER 2008B","https://app.notion.com/p/e5d3dd29567d82b2984c0119bbf278dd"
"Panel integration","Puretronics Wire and Cable Industry Product Portfolio and Technical Reference.md; loadcell accessory references; Appendix A","[""Tension Measurement \u0026 Control"",""Data \u0026 Reporting""]","Loadcell signal","Not specified","Not specified","Covered support item only; details are source-limited and should be verified at quotation.","Loadcell Amplifier LA-175 / LXR, small round bracket, big round bracket, connecting cable, L type bracket for AR-85, bearing block","Medium","Loadcell signal amplification/control support for automation panels.","Low","Keep as the signed support-item group for loadcell-based tension systems, not as a standalone hero product.","Supporting","Depends on panel design","Tension / Braking / Line Control","[""Accessories"",""Technical Appendix"",""Automation / Industry 4.0""]","03 Tension & Braking Control","Makes loadcell data usable in automation panels.","Accessory","Amplified/controller output","[""Technical Evaluation"",""Commercial Discussion"",""Retention / Expansion""]","How will the loadcell signal be amplified, displayed, or passed into the control panel?","Covered as a support item only under signed Services Agreement Annexure A dated 9 July 2026; no standalone page, campaign, form, automation, outreach sequence, SEO asset, selector, calculator, configurator, or extra deliverable unless separately approved in writing.","[""Tension Control"",""Data Layer""]","Recommended loadcell amplifier/controller family.","Source-Limited","Digital amplifier/controller","Loadcell automation panels","[""Automation Engineer"",""Maintenance Head"",""Sales Engineer""]","Accessory","Panel-dependent","Not specified","Loadcells; WTI; LTC-PRO.","Need panel integration for loadcell signals.","Use only as an integration/support layer when loadcells, WTI, LTC-PRO, or braking systems are being discussed.","Loadcell Amplifier LA-175 / LXR; small round bracket; big round bracket; connecting cable; L type bracket for AR-85; bearing block","Loadcell Ecosystem","What loadcell output and controller/display interface are required? Is the signal going to WTI, LTC-PRO, PLC, or another panel?","Automation panel integration","Verify at quotation","Share specs","Covered Support Item","Loadcell signal amplification/control","Loadcell Accessories / Integration Items","https://app.notion.com/p/bdf3dd29567d822d88c0012089b7ad92"
"Online sensing","Puretronics Wire and Cable Industry Product Portfolio and Technical Reference.md; Loadcell product sheet; Appendix A","[""Tension Measurement \u0026 Control""]","Mechanical force","","","Brochure lists different range; verify at quote.","LA-175/LXR amplifier/controller; LTC-PRO; pneumatic brakes","Medium","Heavy-duty pillow-block loadcell for higher-force tension zones.","Medium","Frame as the heavy-duty loadcell choice for larger, higher-force tension-control systems.","Strategic","CE/ATEX references","Tension / Braking / Line Control","[""Product Family Profile"",""Technical Appendix"",""Automation / Industry 4.0"",""Use Case Matrix""]","03 Tension & Braking Control","Heavy-duty web tension sensing.","Model / Variant","20mV/10V signal","[""Consideration"",""Technical Evaluation"",""Commercial Discussion"",""Retention / Expansion""]","Do your heavier unwind/rewind zones require pillow-block style tension sensing?","Covered by signed Services Agreement Annexure A dated 9 July 2026. Product intelligence must remain within the signed Wire & Cable pilot scope; final specs/configuration to be verified where row caveats require.","[""Tension Control"",""Pay-off""]","100-2000kg product-sheet range; brochure variant lists 100-1000kg.","Variant-Dependent","Via connected amplifier/display","Heavier process-machine zones","[""Automation Engineer"",""Maintenance Head"",""Production Manager"",""Plant Head"",""Sales Engineer""]","Loadcell","300% full-scale protection","100-2000kg product sheet","LA-175/LXR; LTC-PRO; Pneumatic Brake.","Need pillow-block loadcell for heavier lines.","Because source ranges differ, verify final capacity during technical quotation.","AR-ST Series","Loadcell Series","What is the expected working load and overload exposure? Do you need a heavy-duty pillow-block architecture?","Amplifier/controller integration","10VDC excitation","Schedule technical call","Covered Primary / Variant","Web/wire tension force","Loadcell AR-ST Series","https://app.notion.com/p/bb53dd29567d82c78a6401d3631b079e"
"Up to 150 m/min","Puretronics Wire and Cable Industry Product Portfolio and Technical Reference.md; LSP Static Powder Applicator source sheet; Appendix A","[""Static Powder Application""]","Cable through applicator; powder/air/utilities","1300 x 1004 x 925mm","Approx. 225kg","Powder must be clean and dry.","Powder recovery, HMI diagnostics, air/earthing setup, alarms/logs","High","Controlled electrostatic powder/talc application with recovery and HMI diagnostics.","High","Treat as a hero process-equipment product where powder consistency, waste, and cleanliness matter.","Hero","Earthing below 1V; dedicated earth; moisture-free panel air","Process Equipment & Line Auxiliaries","[""Portfolio Map"",""Product Family Profile"",""Technical Appendix"",""Automation / Industry 4.0"",""Use Case Matrix""]","05 Powdering / Talc Application","Controlled powdering with lower waste and cleaner operation.","Model / Variant","Coated cable; alarms/logs","[""Awareness"",""Consideration"",""Technical Evaluation"",""Commercial Discussion"",""Retention / Expansion""]","Is inconsistent talc/powder application creating waste, mess, or process instability?","Covered by signed Services Agreement Annexure A dated 9 July 2026. Product intelligence must remain within the signed Wire & Cable pilot scope; final specs/configuration to be verified where row caveats require.","[""Powdering"",""Extrusion""]","Up to 150 m/min, electrostatic application, powder recovery, Siemens 7-inch HMI.","Complete Source-Backed","Siemens 7-inch color HMI or equivalent","PVC insulation wire; rubber-plastic insulation wire coating","[""Plant Head"",""Production Manager"",""Maintenance Head"",""Automation Engineer"",""Sales Engineer""]","Applicator","Powder must be clean and dry; approx. 70dB","Up to 40mm cable OD; powder mesh 2000+","LSP-G2; laser gauge; WTI.","Need consistent talc application without dirty shopfloor.","This is a strong demo product: make the cleanliness, recovery, and controlled application benefits concrete.","LSP-G1","LSP Static Powder Applicator","What cable OD, powder type/mesh, line speed, housekeeping issue, and earthing/air setup are involved?","HMI; diagnostics","415VAC, 3-phase, 50/60Hz","Request demo","Covered Primary / Variant","Talc/powder application","LSP-G1 Static Powder Applicator","https://app.notion.com/p/ba03dd29567d83b78cc7017788c87bba"
"Online measurement","Puretronics Wire and Cable Industry Product Portfolio and Technical Reference.md; WTI source sheet; Appendix A","[""Tension Measurement \u0026 Control"",""Data \u0026 Reporting""]","Tension via pulley/sensor assembly","","","Measurement/indication, not full controller.","Data logger option; RS485 Modbus option; loadcell/control ecosystem","High","Online wire tension measurement/indication for small wires.","Medium","Position as the online tension visibility layer, distinct from closed-loop control equipment.","Strategic","Industry 4.0 positioning","Tension / Braking / Line Control","[""Portfolio Map"",""Product Family Profile"",""Technical Appendix"",""Automation / Industry 4.0"",""Use Case Matrix""]","03 Tension & Braking Control","Better process visibility and less tension-driven quality variation.","Model / Variant","0-10VDC / 4-20mA; optional transistor output","[""Awareness"",""Consideration"",""Technical Evaluation"",""Commercial Discussion"",""Retention / Expansion""]","How are operators seeing and reacting to tension changes on small-wire lines?","Covered by signed Services Agreement Annexure A dated 9 July 2026. Product intelligence must remain within the signed Wire & Cable pilot scope; final specs/configuration to be verified where row caveats require.","[""Pay-off"",""Tension Control"",""Rewinding"",""Coiling""]","0.2-5mm wire, 40kg/15kg tension range, analog output, optional RS485 Modbus.","Variant-Dependent","Digital indicator","Wire/cable and related continuous processes","[""Production Manager"",""Maintenance Head"",""Automation Engineer"",""Plant Head"",""Sales Engineer""]","Controller","Vertical stand with guide pulleys","0.2-5mm wire; 40kg/15kg tension","Loadcells; LTC-PRO; data logger.","Need online tension indication for small wires.","Use when the buyer needs visibility first; attach LTC-PRO when the conversation moves to active control.","WTI-90-40","WTI Series","What wire diameter and tension range do you run? Do you need analog output, transistor output, RS485 Modbus, or data logging?","Optional RS485 Modbus; data logger option","24VDC","Audit line","Covered Primary / Variant","Online tension","Wire Tension Indicator WTI-90-40","https://app.notion.com/p/1ad3dd29567d837189b50190809d62aa"
"2000 m/min","Puretronics Wire and Cable Industry Product Portfolio and Technical Reference.md; Inline Induction Wire Preheater source sheet; Appendix A","[""Wire Preheating \u0026 Adhesion""]","Wire path through pulleys","1440 x 790 x 630mm","","Small-wire high-speed variant.","Optional temperature controller/non-contact indicator","Medium","Very high-speed pre-extrusion preheating for small wire.","High","Use as the fastest preheater variant for small-diameter high-speed wire production.","Strategic","Door interlock; overload protection","Process Equipment & Line Auxiliaries","[""Portfolio Map"",""Product Family Profile"",""Technical Appendix"",""Use Case Matrix""]","04 Pre-extrusion / Preheating","Supports fastest line-speed variant.","Model / Variant","Heated conductor; displayed process data","[""Awareness"",""Consideration"",""Technical Evaluation"",""Commercial Discussion"",""Retention / Expansion""]","Are you running smaller wire at very high speed and need stable conductor preheat?","Covered by signed Services Agreement Annexure A dated 9 July 2026. Product intelligence must remain within the signed Wire & Cable pilot scope; final specs/configuration to be verified where row caveats require.","[""Pre-extrusion""]","0.3-1.4mm wire, 15KW, 2000 m/min, bi-directional operation.","Variant-Dependent","Control display","Copper and specified wire materials","[""Production Manager"",""Plant Head"",""Maintenance Head"",""Automation Engineer"",""Sales Engineer""]","Preheater","Bi-directional operation; high-speed small-wire setup","0.3-1.4mm wire; 190 Celsius max","Laser gauge; WTI.","Need very high-speed preheating for smaller wires.","Lead with speed and small-wire fit; make sure diameter range is not overstated.","2000 m/min variant","Inline Induction Preheater","Is the application small-wire/high-speed? What target conductor temperature and integration constraints apply?","Optional temp controller","380-460VAC, 3-phase, 50/60Hz","Share specs","Covered Primary / Variant","Conductor preheat","Inline Induction Wire Preheater - 2000 m/min","https://app.notion.com/p/cce3dd29567d83a48d560111914067d1"
"Up to 2500 m/min","Puretronics Wire and Cable Industry Product Portfolio and Technical Reference.md; DC Spark Tester source sheet; Appendix A","[""Spark Testing \u0026 Fault Intelligence""]","Cable through 70mm bead-chain electrode","282W x 252H x 270Dmm","Approx. 8kg","Compact DC option.","UL electrode option; IoT marking/data stages; calibrator","Medium","Compact DC insulation fault detection for smaller OD products and high-speed inspection.","Medium","Position as the compact DC spark-testing option for insulation fault detection.","Strategic","Door interlock; international standards","Inline Spark Testing & Insulation Fault Detection","[""Product Family Profile"",""Technical Appendix"",""Compliance / QA"",""Use Case Matrix""]","09 Spark / Fault Inspection","Detects insulation defects with compact DC unit.","Product","Fault count; relay/interlock outputs","[""Awareness"",""Consideration"",""Technical Evaluation"",""Commercial Discussion""]","Does the application call for DC spark testing rather than AC spark testing?","Covered by signed Services Agreement Annexure A dated 9 July 2026. Product intelligence must remain within the signed Wire & Cable pilot scope; final specs/configuration to be verified where row caveats require.","[""Inspection"",""Extrusion"",""Rewinding""]","1.5-15/20KV DC, 70mm bead-chain housing, up to 2500 m/min, door interlock.","Variant-Dependent","Digital LED HV meter; LCD fault counter","Smaller OD wire/cable","[""QA/QC Head"",""Production Manager"",""Maintenance Head"",""Automation Engineer"",""Sales Engineer""]","Tester","Compact DC option","1.5-15/20KV; 0.5-15mm OD; 30mm on demand","UL electrode option; Stage 3 marking; calibrator.","Need DC spark detection for compact/high-speed inspection.","Differentiate AC vs DC test requirement early to avoid mismatched recommendations.","DC Spark Tester","Spark Tester Platform","What DC voltage range, line speed, OD, and relay/interlock behavior are required?","Potential-free changeover","165-200VAC, 0.5KVA","Share specs","Covered Primary / Variant","Insulation fault detection","DC Spark Tester","https://app.notion.com/p/3b73dd29567d831183a6814aa6ca715c"
"Timed verification","Puretronics Wire and Cable Industry Product Portfolio and Technical Reference.md; Sensitivity Calibrator source sheet; Appendix A","[""Spark Testing \u0026 Fault Intelligence"",""Calibration \u0026 Support""]","Voltage/current sensing","470 x 320 x 340mm","15kg","Calibration aid only; not a production spark tester. Covered support item only.","Use with Live/Acute/DC Spark Testers","Low","Verification/calibration support for spark tester fault sensitivity and HV behavior.","Low","Position as a QA assurance support item for customers already operating or evaluating spark testers; not a standalone signed-scope product page or campaign anchor.","Supporting","HV measurement verification","Inline Spark Testing & Insulation Fault Detection","[""Accessories"",""Compliance / QA"",""Technical Appendix""]","15 Calibration / Support","Improves confidence in fault-detection equipment.","Accessory","Artificial faults; display comparison","[""Technical Evaluation"",""Commercial Discussion"",""Retention / Expansion""]","How do you prove that your spark tester is still detecting faults correctly?","Covered as a support item only under signed Services Agreement Annexure A dated 9 July 2026; no standalone page, campaign, form, automation, outreach sequence, SEO asset, selector, calculator, configurator, or extra deliverable unless separately approved in writing.","[""Inspection"",""QA Calibration""]","60 faults/min verification, voltage/current sensing, artificial-vs-actual fault comparison.","Complete Source-Backed","Digital display","Spark tester equipment","[""QA/QC Head"",""Maintenance Head"",""Production Manager"",""Sales Engineer""]","Calibrator","Calibration aid, not production tester","60 faults/min verification","Live Spark; Acute Spark; DC Spark.","Need to verify spark tester sensitivity and high voltage.","Attach after the spark tester need is established; strong for QA maturity and audit conversations.","Sensitivity Calibrator","Spark Tester Platform","How often do you verify spark tester sensitivity? Do customers or audits require evidence of calibration/verification?","Verification workflow","230VAC","Share specs","Covered Support Item","Spark tester verification","Spark Tester Sensitivity Calibrator","https://app.notion.com/p/5ca3dd29567d8210a79701b514cfc93b"
"20KHz total; 10KHz single axis","Puretronics Wire and Cable Industry Product Portfolio and Technical Reference.md; LASER-H Series section; Appendix A","[""Dimensional Measurement \u0026 Control"",""Data \u0026 Reporting""]","Green optical scan / CCD receiver","210 x 320 x 50mm","6kg","Treat as hero connected laser option.","HMI/software, PLC, alarms, line correction","High","Real-time connected dimensional measurement for common extrusion and inspection lines.","High","Treat as the hero connected laser gauge for Industry 4.0 dimensional measurement conversations.","Hero","Dustproof/waterproof; environmental resistance","Inline Measurement & Dimensional Control","[""Portfolio Map"",""Product Family Profile"",""Technical Appendix"",""Automation / Industry 4.0"",""Use Case Matrix""]","08 Online Measurement","Real-time dimensional intelligence with better connectivity.","Model / Variant","24V, 1A alarm output","[""Awareness"",""Consideration"",""Technical Evaluation"",""Commercial Discussion""]","Do you need a connected online diameter gauge for your most common wire/cable ranges?","Covered by signed Services Agreement Annexure A dated 9 July 2026. Product intelligence must remain within the signed Wire & Cable pilot scope; final specs/configuration to be verified where row caveats require.","[""Extrusion"",""Inspection"",""Data Layer""]","0.3-20mm range, dual-axis sampling, CCD edge detection, TCP/IP, Wi-Fi.","Complete Source-Backed","5-digit red LED","Common wire/cable ranges","[""Plant Head"",""Production Manager"",""QA/QC Head"",""Automation Engineer"",""Sales Engineer""]","Gauge","Dustproof/waterproof H-series environmental resistance","0.3-20mm","HMI/software; PLC; alarms; line correction.","Need modern connected measurement for common wire/cable diameter ranges.","Strong lead product for connected-factory and quality-control proposals.","LASER-2020H","LASER-H Series","Do you need remote data, alarms, PLC communication, or HMI/software integration? What tolerance and speed are expected?","RS485 Modbus; TCP/IP; Wi-Fi","24VDC, 2A","Request demo","Covered Primary / Variant","Diameter, roundness, flat width/thickness","LASER-2020H","https://app.notion.com/p/37d3dd29567d82bd850f01ebfc503908"
"Inline marking","Puretronics Wire and Cable Industry Product Portfolio and Technical Reference.md; Spark Tester IoT accessories section; Appendix A","[""Spark Testing \u0026 Fault Intelligence"",""Data \u0026 Reporting""]","Sensor or external signal","","","Covered support item only; integration needs must be verified at quotation.","Sensor/external signal integration; pair with spark testers and data stages","High","Inline marking of defect/fault positions from sensor or external signal.","High","Position as a support layer connecting spark detection to shopfloor action, not a standalone signed-scope product.","Supporting","Helps isolate defect position","Inline Spark Testing & Insulation Fault Detection","[""Accessories"",""Compliance / QA"",""Technical Appendix"",""Use Case Matrix""]","10 Inline Marking","Makes fault location actionable for operators.","Accessory","Visible mark at fault location","[""Consideration"",""Technical Evaluation"",""Commercial Discussion"",""Retention / Expansion""]","How do operators locate a defect after the spark tester detects it?","Covered as a support item only under signed Services Agreement Annexure A dated 9 July 2026; no standalone page, campaign, form, automation, outreach sequence, SEO asset, selector, calculator, configurator, or extra deliverable unless separately approved in writing.","[""Inspection"",""Rewinding""]","Marks defect/fault position from sensor or external signal.","Source-Limited","Operator marking visibility","Long cable/wire products","[""QA/QC Head"",""Production Manager"",""Maintenance Head"",""Automation Engineer"",""Sales Engineer""]","Accessory","Accessory stage","Marks defect/fault positions","Spark testers; Stage 1; Stage 2.","Need visible defect marking on long products.","Ask what the operator does after a fault; this row sells when fault location creates rework value.","Stage 3 Inline Marking System","Spark Tester IoT Accessories","What physical marking method, signal source, and line speed are required? Is the mark used for rework, cutting, or rejection?","Links with sensor/external signal","Tied to marking system","Ask for sample/application details","Covered Support Item","Defect marking","Spark Tester IoT Stage 3 Inline Marking System","https://app.notion.com/p/ae73dd29567d82aeb3918168ba5ccbb9"
"20KHz total; 10KHz single axis","Puretronics Wire and Cable Industry Product Portfolio and Technical Reference.md; LASER-H Series section; Appendix A","[""Dimensional Measurement \u0026 Control"",""Data \u0026 Reporting""]","Green optical scan / CCD receiver","150 x 230 x 50mm","5kg","Connected H-series option for very small products.","PC software, TCP/IP/Wi-Fi/RS485 integration, alarms","High","High-speed connected measurement for small round and flat wire.","High","Position as the connected H-series option for very small, high-speed measurement applications.","Strategic","Dustproof/waterproof; environmental resistance","Inline Measurement & Dimensional Control","[""Portfolio Map"",""Product Family Profile"",""Technical Appendix"",""Automation / Industry 4.0"",""Use Case Matrix""]","08 Online Measurement","Higher-speed edge-detection measurement.","Model / Variant","24V, 1A alarm output","[""Awareness"",""Consideration"",""Technical Evaluation"",""Commercial Discussion""]","Are you running very small diameters where faster green-light/CCD measurement would help?","Covered by signed Services Agreement Annexure A dated 9 July 2026. Product intelligence must remain within the signed Wire & Cable pilot scope; final specs/configuration to be verified where row caveats require.","[""Extrusion"",""Inspection"",""Data Layer""]","0.1-10mm range, 0.001mm display resolution, 20KHz scanning, Ethernet-ready platform.","Complete Source-Backed","5-digit red LED","Small round and flat wire","[""Production Manager"",""QA/QC Head"",""Automation Engineer"",""Plant Head"",""Sales Engineer""]","Gauge","Dustproof/waterproof H-series environmental resistance","0.1-10mm","TCP/IP; Wi-Fi; RS485 Modbus; PC software.","Need high-speed green-light measurement for very small diameters.","Use when the prospect wants modern connectivity and small-diameter capability.","LASER-2010H","LASER-H Series","What line speed and OD range are you running? Do you need TCP/IP, Wi-Fi, or RS485 Modbus?","RS485 Modbus; TCP/IP; Wi-Fi","24VDC, 2A","Schedule technical call","Covered Primary / Variant","Diameter, roundness, flat width/thickness","LASER-2010H","https://app.notion.com/p/6573dd29567d837f81850191d56ae896"
"416 scans/sec; 156 m/sec scan velocity","Puretronics Wire and Cable Industry Product Portfolio and Technical Reference.md; LASER 2008 product sheet; Appendix technical tables","[""Dimensional Measurement \u0026 Control"",""Data \u0026 Reporting""]","Product through measurement field","385 x 150 x 82mm","4.760kg","Transparent/translucent measurement requires special request.","HMI display, guide rollers, data logger, auto-correction pot, stand/mounting options","High","Online non-contact dimensional measurement during extrusion or inspection.","Medium","Position as the practical online dimensional-control anchor for standard wire, cable, tube, coating, and profile lines.","Hero","Non-contact; transparent products on request","Inline Measurement & Dimensional Control","[""Portfolio Map"",""Product Family Profile"",""Technical Appendix"",""Automation / Industry 4.0"",""Use Case Matrix""]","08 Online Measurement","Prevent out-of-tolerance cable from advancing.","Model / Variant","Alarm/digital/analog integration by setup","[""Awareness"",""Consideration"",""Technical Evaluation"",""Commercial Discussion""]","How are you controlling wire/cable diameter, ovality, and scrap risk during extrusion?","Covered by signed Services Agreement Annexure A dated 9 July 2026. Product intelligence must remain within the signed Wire & Cable pilot scope; final specs/configuration to be verified where row caveats require.","[""Extrusion"",""Inspection"",""Data Layer""]","0.8-35mm range, 1 micron resolution, RS232/485, low drift, rugged sealed case.","Variant-Dependent","Digital LED / HMI extension","Wire, cable, tubing, profiles, optical fibre, coatings","[""Production Manager"",""QA/QC Head"",""Automation Engineer"",""Plant Head"",""Sales Engineer""]","Gauge","Low-drift rugged sealed case; special handling for transparent/translucent products","0.8-35mm; 50mm gate","HMI display; guide rollers; data logger; auto-correction pot.","Need real-time diameter and ovality control without contacting product.","Use as the default hero laser gauge when the prospect needs standard online OD/ovality control and a credible Industry 4.0 upgrade path.","LASER 2008","LASER 2008 platform","What OD range and tolerance do you run? Do you need diameter feedback, alarms, logging, or line correction? Are transparent/translucent products involved?","RS232/485; PC software; HMI options","85-285VAC","Share specs","Covered Primary / Variant","Diameter, ovality, width/height","Laser Diameter Gauge / LASER 2008","https://app.notion.com/p/1a53dd29567d83ffa57101fca4bf9646"
"Logs over run length","Puretronics Wire and Cable Industry Product Portfolio and Technical Reference.md; Spark Tester IoT accessories section; Appendix A","[""Spark Testing \u0026 Fault Intelligence"",""Data \u0026 Reporting""]","Fault and job data","","","Covered support item only; best when combined with Stage 1 and a core spark tester.","Stage 1 fault interface; Stage 3 marking; ERP/report export options","High","Spark testing analytics, graphical logging, and customizable QA report generation.","High","Treat as a connected QA support layer for spark-testing data, reporting, and analytics; it supports spark tester evaluation and should not be used as a standalone signed-scope campaign anchor.","Supporting","QA reporting support","Inline Spark Testing & Insulation Fault Detection","[""Accessories"",""Automation / Industry 4.0"",""Compliance / QA"",""Technical Appendix""]","16 Data / Reporting Layer","Turns spark testing into actionable QA intelligence.","Accessory","Graphs, logs, PDF report customization","[""Consideration"",""Technical Evaluation"",""Commercial Discussion"",""Retention / Expansion""]","Do you need fault logs, graphs, and reports tied to cable length, material, or wall thickness?","Covered as a support item only under signed Services Agreement Annexure A dated 9 July 2026; no standalone page, campaign, form, automation, outreach sequence, SEO asset, selector, calculator, configurator, or extra deliverable unless separately approved in writing.","[""Inspection"",""Data Layer""]","Fault vs length, wall thickness, material, custom job analysis, PDF report customization.","Source-Limited","Graphical screen","Cable length/job data","[""QA/QC Head"",""Plant Head"",""Automation Engineer"",""Production Manager"",""Sales Engineer""]","Accessory","Accessory stage","Fault vs length/wall thickness/material/custom analysis","Stage 1 fault interface; Stage 3 marking; ERP.","Need fault analytics by cable length or job variable.","Use as a premium QA/traceability story when management wants data, not just equipment.","Stage 2 Data Logging & Graphics","Spark Tester IoT Accessories","What production variables matter in reports? Do customers require traceability, PDF outputs, or job-level analytics?","Data logging / reporting layer","Tied to spark tester system","Request demo","Covered Support Item","Fault analytics","Spark Tester IoT Stage 2 Data Logging & Graphics","https://app.notion.com/p/7a33dd29567d83419cc481ff47492b4a"
"Online sensing","Puretronics Wire and Cable Industry Product Portfolio and Technical Reference.md; Loadcell product sheet; Appendix A","[""Tension Measurement \u0026 Control""]","Mechanical force","","","Use correct wrap/roller force calculation.","LA-175/LXR amplifier/controller; LTC-PRO","Medium","Medium-capacity flange-mount tension sensing for process machines.","Medium","Use as the 25mm-shaft flange-mount loadcell option for higher force ranges.","Strategic","CE/ATEX references","Tension / Braking / Line Control","[""Product Family Profile"",""Technical Appendix"",""Automation / Industry 4.0"",""Use Case Matrix""]","03 Tension & Braking Control","Stronger sensing coverage up to 500kg.","Model / Variant","20mV/10V signal","[""Consideration"",""Technical Evaluation"",""Commercial Discussion"",""Retention / Expansion""]","Do you need a stronger flange-mount loadcell up to 500kg?","Covered by signed Services Agreement Annexure A dated 9 July 2026. Product intelligence must remain within the signed Wire & Cable pilot scope; final specs/configuration to be verified where row caveats require.","[""Tension Control"",""Pay-off""]","50-500kg, 25mm shaft OD, 20mV/10V, 300% protection.","Variant-Dependent","Via connected amplifier/display","Process machines","[""Automation Engineer"",""Maintenance Head"",""Production Manager"",""Sales Engineer""]","Loadcell","300% full-scale protection","50-500kg; 25mm shaft OD","LA-175/LXR; LTC-PRO.","Need flange-mount loadcell with 25mm shaft OD.","Match this to 25mm shaft applications and confirm mechanical load calculations.","AR-118 Series","Loadcell Series","What wrap angle, roller size, shaft OD, and capacity are required? Which amplifier/controller will read the signal?","Amplifier/controller integration","10VDC excitation","Quote configuration","Covered Primary / Variant","Web/wire tension force","Loadcell AR-118 Series","https://app.notion.com/p/34d3dd29567d836f9978817560f96c4c"
"Test sequence with fire/water/shock","Puretronics Wire and Cable Industry Product Portfolio and Technical Reference.md; Fire Resistance Cable Testing System source sheet; Appendix A","[""Fire Resistance \u0026 Circuit Integrity"",""Data \u0026 Reporting""]","Air, gas, water, power, cable under test","1640 x 1600 x 500mm test equipment; 850 x 1480 x 670mm panel","Approx. 550kg","Compliance conversation required.","Report generation, standard-specific configuration, HV logging, water/shock modules","High","Compliance-grade fire, water, mechanical shock, and high-voltage survival testing.","High","Position as a strategic compliance system for customers making emergency and fire-survival cable products.","Hero","BS EN 50200:2006; BS EN 6387/7846 on demand","Cable Testing & Validation","[""Portfolio Map"",""Product Family Profile"",""Compliance / QA"",""Technical Appendix"",""Use Case Matrix""]","13 Fire / Compliance Testing","Compliance-grade fire survival validation.","System","KV/fault/temp/current/time logs; report data","[""Awareness"",""Consideration"",""Technical Evaluation"",""Commercial Discussion"",""Retention / Expansion""]","Do you need to validate fire-survival performance for emergency, communication, data, or fire-alarm cables?","Covered by signed Services Agreement Annexure A dated 9 July 2026. Product intelligence must remain within the signed Wire & Cable pilot scope; final specs/configuration to be verified where row caveats require.","[""Fire Testing"",""Compliance"",""QA""]","BS EN 50200:2006, 842-950 Celsius, water/shock/HV logging, PLC interlocking.","Verify At Quotation","Control panel with digital meters/timers/HMI","Emergency, fire alarm, communication, data, fibre optic cables","[""Plant Head"",""QA/QC Head"",""R&D / Technical Team"",""Production Manager"",""Sales Engineer""]","System","Fire testing system with water/shock/HV sequence and PLC interlocks","Up to 20mm OD; up to 5 cores; 600/1100VAC and 1500VAC cable selection","HV Tester; Spark Tester; report generation.","Need BS EN fire, water, and shock testing for emergency cables.","Start with the standard and cable category; this is a consultative compliance sale, not a catalogue item.","Fire Resistance Cable Testing System","Fire / Emergency Cable Testing","Which standard applies? What cable OD/core count and voltage category must be tested? Do you need reporting, water, shock, or custom standard coverage?","PLC interlocking; datalogging","3-phase 415VAC, 50-60Hz, 2A","Compliance discussion","Covered Primary / Variant","Fire, water, shock resistance","Fire Resistance Cable Testing System","https://app.notion.com/p/8cd3dd29567d83e19b9d81eac8c5fe9e"
"Real-time unwind/intermediate/rewind control","Puretronics Wire and Cable Industry Product Portfolio and Technical Reference.md; LTC-PRO source file; Appendix A13","[""Tension Measurement \u0026 Control"",""Braking \u0026 Unwind/Rewind Control"",""Data \u0026 Reporting""]","Strain gauge; dancer 0-10VDC; line speed 0-10VDC; diameter 0-10VDC; Auto/Stop; Break-release; Emergency stop","130 x 155 x 106mm","","Control layer; not merely accessory.","Loadcells, magnetic brake, pneumatic brake, web-break and F-target alarm wiring, Modbus/Ethernet integration","High","Closed-loop web/wire tension control using strain-gauge, dancer, line-speed, diameter, brake, and alarm signals.","High","Position as the control-layer product that orchestrates sensors, brake actuation, operator UI, connectivity, and alarms.","Hero","Emergency stop input; web-break alarm; F-target alarm","Tension / Braking / Line Control","[""Portfolio Map"",""Product Family Profile"",""Technical Appendix"",""Automation / Industry 4.0"",""Use Case Matrix""]","03 Tension & Braking Control","Closed-loop tension control across unwind, intermediate, and rewind zones.","Product","Magnetic brake PWM 0-4A/24VDC; pneumatic brake 0-10V/0-20mA/4-20mA; F-actual 0-10V; RL1 web break; RL2 F-target alarm","[""Awareness"",""Consideration"",""Technical Evaluation"",""Commercial Discussion"",""Retention / Expansion""]","How are you controlling tension across unwind, intermediate, and rewind zones today?","Covered by signed Services Agreement Annexure A dated 9 July 2026. Product intelligence must remain within the signed Wire & Cable pilot scope; final specs/configuration to be verified where row caveats require.","[""Pay-off"",""Tension Control"",""Rewinding"",""Data Layer""]","Touchscreen, strain-gauge channels, dancer/line-speed/diameter inputs, brake outputs, Ethernet, RS485 Modbus.","Complete Source-Backed","Colour LCD touchscreen, keys, LEDs; F-target, recipe, F-actual, pneumatic brake actual display fields","Paper, film, foil, textiles, laminates, wire/cable web handling","[""Plant Head"",""Production Manager"",""Automation Engineer"",""Maintenance Head"",""Sales Engineer""]","Controller","10-50 Celsius operating temperature","2 strain-gauge channels; 2mV/V sensitivity; 5V bridge supply","WTI; Loadcells; AX Pneumatic Brake; magnetic brake.","Need active web tension regulation, not just measurement.","Lead with this when the buyer says tension is unstable, manual, or causing yield/quality loss; it connects the sensing and braking story.","LTC-PRO","LTC-PRO","Do you need magnetic brake or pneumatic brake output? Are dancer, line speed, or diameter signals available? Is web-break or F-target alarm handling required?","100Mbits Ethernet; RS485 Modbus","24Vdc +/- 10%","Request demo","Covered Primary / Variant","Web tension control","LTC-PRO Web Tension Controller","https://app.notion.com/p/ee13dd29567d828da56d816167a23fb2"
"Online sensing","Puretronics Wire and Cable Industry Product Portfolio and Technical Reference.md; brochure model chart; Appendix A","[""Tension Measurement \u0026 Control""]","Mechanical force","","","Source has less detail than main product sheet.","LA-175/LXR amplifier/controller; LTC-PRO; pneumatic brake","Medium","Heavy-duty pillow-block loadcell coverage for high-capacity tension measurement.","Medium","Use as the high-capacity loadcell option for heavier machinery and stronger tension systems.","Strategic","Verify final certification","Tension / Braking / Line Control","[""Product Family Profile"",""Technical Appendix"",""Automation / Industry 4.0"",""Use Case Matrix""]","03 Tension & Braking Control","Covers high-capacity tension measurement.","Model / Variant","Verify at quotation","[""Consideration"",""Technical Evaluation"",""Commercial Discussion""]","Do you need high-capacity tension measurement beyond the standard loadcell rows?","Covered by signed Services Agreement Annexure A dated 9 July 2026. Product intelligence must remain within the signed Wire & Cable pilot scope; final specs/configuration to be verified where row caveats require.","[""Tension Control""]","Brochure model chart: 100-5000kg; 35/40mm shaft OD.","Source-Limited","Via connected amplifier/display","Heavy-duty pillow block","[""Automation Engineer"",""Maintenance Head"",""Production Manager"",""Plant Head"",""Sales Engineer""]","Loadcell","Brochure-only addition","100-5000kg; 35/40mm shaft OD","LA-175/LXR; LTC-PRO; Pneumatic Brake.","Need heavy-duty pillow-block loadcell option.","Use when the application is clearly heavy-duty; confirm final specs before proposal pricing.","LC-AR-HD Series","Loadcell Series","What shaft OD, load range, and installation geometry are needed? Is this a heavy-duty line with braking integration?","Amplifier/controller integration","Verify at quotation","Schedule technical call","Covered Primary / Variant","Web/wire tension force","Loadcell LC-AR-HD Series","https://app.notion.com/p/adc3dd29567d83cc9da5815272514f71"
"Up to 2500 m/min source variant; brochure lists 1500 m/min","Puretronics Wire and Cable Industry Product Portfolio and Technical Reference.md; Acute Spark Tester source sheet; Appendix A","[""Spark Testing \u0026 Fault Intelligence""]","Cable through 70mm bead-chain electrode","450W x 336H x 405Dmm","20.5kg for 15KV product-sheet variant","Speed/weight differs by source variant.","UL electrode option; communication/data logging options; calibrator","Medium","Compact high-frequency AC spark testing for smaller wire/cable insulation defects.","Medium","Use as the compact/high-frequency AC spark tester option when Live Spark is oversized.","Strategic","Door interlock; international standards","Inline Spark Testing & Insulation Fault Detection","[""Product Family Profile"",""Technical Appendix"",""Compliance / QA"",""Use Case Matrix""]","09 Spark / Fault Inspection","Fast fault detection for smaller OD products.","Product","Fault count; relay/interlock outputs","[""Awareness"",""Consideration"",""Technical Evaluation"",""Commercial Discussion""]","Do you need a compact AC spark tester for smaller OD or high-speed lines?","Covered by signed Services Agreement Annexure A dated 9 July 2026. Product intelligence must remain within the signed Wire & Cable pilot scope; final specs/configuration to be verified where row caveats require.","[""Inspection"",""Extrusion"",""High-speed lines""]","2.5-3.5KHz AC RMS, MOSFET circuit, optional communication, up to 2500 m/min source variant.","Variant-Dependent","Digital LED HV meter; LCD fault counter","Smaller OD wire/cable","[""QA/QC Head"",""Production Manager"",""Maintenance Head"",""Automation Engineer"",""Sales Engineer""]","Tester","Compact 15KV product-sheet variant","1.5-10/15KV; 0.5-15mm OD","Stage 2 graphics; UL electrode option; calibrator.","Need compact high-frequency AC spark testing at speed.","Clarify source-variant speed and voltage before quoting; strong fit for smaller/fast lines.","Acute Spark Tester","Spark Tester Platform","What line speed and voltage range are required? Is compact footprint or optional communication important?","Communication available; optional data logging","230VAC 50/60Hz, 0.5KVA","Share specs","Covered Primary / Variant","Insulation fault detection","Acute Spark Tester","https://app.notion.com/p/2293dd29567d82c5bd8a012bc98fcd6c"
"Online sensing","Puretronics Wire and Cable Industry Product Portfolio and Technical Reference.md; brochure model chart; Appendix A","[""Tension Measurement \u0026 Control""]","Mechanical force","","","Source has less detail than main product sheet.","LA-175/LXR amplifier/controller; WTI","Medium","Lower-capacity flange-mount loadcell coverage from brochure model chart.","Medium","Use as a supporting loadcell row where a low-capacity option is required.","Supporting","Verify final certification","Tension / Braking / Line Control","[""Product Family Profile"",""Technical Appendix"",""Use Case Matrix""]","03 Tension & Braking Control","Adds low-capacity loadcell coverage.","Model / Variant","Verify at quotation","[""Consideration"",""Technical Evaluation"",""Commercial Discussion""]","Do you need lower-capacity tension sensing for a smaller machine zone?","Covered by signed Services Agreement Annexure A dated 9 July 2026. Product intelligence must remain within the signed Wire & Cable pilot scope; final specs/configuration to be verified where row caveats require.","[""Tension Control""]","Brochure model chart: 10, 20, 50kg; 17mm shaft OD.","Source-Limited","Via connected amplifier/display","Lower-capacity flange mount","[""Automation Engineer"",""Maintenance Head"",""Production Manager"",""Sales Engineer""]","Loadcell","Brochure-only addition","10, 20, 50kg; 17mm shaft OD","LA-175/LXR; WTI.","Need smaller flange-mount loadcell option.","Treat as a quoting/configuration row rather than a heavily promoted product.","LC-AR-60 Series","Loadcell Series","Is a low-capacity 10/20/50kg range enough? What exact mechanical and signal specs are needed?","Amplifier/controller integration","Verify at quotation","Quote configuration","Covered Primary / Variant","Web/wire tension force","Loadcell LC-AR-60 Series","https://app.notion.com/p/0343dd29567d8256ae5501e32a37ed46"
"20KHz total; 10KHz single axis","Puretronics Wire and Cable Industry Product Portfolio and Technical Reference.md; LASER-H Series section; Appendix A","[""Dimensional Measurement \u0026 Control"",""Data \u0026 Reporting""]","Green optical scan / CCD receiver","240 x 368 x 50mm","8kg","Highest H-series range in current reference.","TCP/IP, Wi-Fi, RS485 Modbus, alarms","High","Connected H-series dimensional measurement for larger applications.","High","Frame as the higher-range H-series option when connected measurement is required beyond 20mm.","Strategic","Dustproof/waterproof; environmental resistance","Inline Measurement & Dimensional Control","[""Portfolio Map"",""Product Family Profile"",""Technical Appendix"",""Automation / Industry 4.0"",""Use Case Matrix""]","08 Online Measurement","Larger connected measurement coverage.","Model / Variant","24V, 1A alarm output","[""Awareness"",""Consideration"",""Technical Evaluation"",""Commercial Discussion""]","Do you need H-series connectivity with a larger 30mm measurement range?","Covered by signed Services Agreement Annexure A dated 9 July 2026. Product intelligence must remain within the signed Wire & Cable pilot scope; final specs/configuration to be verified where row caveats require.","[""Extrusion"",""Inspection"",""Data Layer""]","0.3-30mm range, 8kg unit, green-light/CCD architecture, multi-axis sampling.","Complete Source-Backed","5-digit red LED","Larger H-series applications","[""Plant Head"",""Production Manager"",""QA/QC Head"",""Automation Engineer"",""Sales Engineer""]","Gauge","Dustproof/waterproof H-series environmental resistance","0.3-30mm","TCP/IP; Wi-Fi; RS485 Modbus.","Need connected measurement up to 30mm with high environmental resistance.","Use when the prospect likes LASER-2020H but needs more OD range.","LASER-2030H","LASER-H Series","Is the 20mm H-series range insufficient? Which integration route is preferred: RS485, TCP/IP, or Wi-Fi?","RS485 Modbus; TCP/IP; Wi-Fi","24VDC, 2A","Share specs","Covered Primary / Variant","Diameter, roundness, flat width/thickness","LASER-2030H","https://app.notion.com/p/d553dd29567d83b1b3ef013e69fe1b84"
"Supports measurement deployment","Puretronics Wire and Cable Industry Product Portfolio and Technical Reference.md; brochure accessory references; Appendix A","[""Dimensional Measurement \u0026 Control"",""Data \u0026 Reporting""]","Measurement/system signal","Not specified","Not specified","Covered support item only. Keep grouped unless individual accessory detail is separately approved in writing.","HMI display, PC software, guide rollers, auto-correction pot, stands, rotating stands, extra display, data logger, controller, motorised controller","Medium","Grouped accessory row for laser gauge deployment, display, logging, mounting, and correction.","Low","Keep as an accessory ecosystem row that helps convert laser-gauge specs into a working line solution.","Supporting","Depends on accessory","Inline Measurement & Dimensional Control","[""Accessories"",""Technical Appendix"",""Automation / Industry 4.0""]","08 Online Measurement","Improves practical deployment and operator visibility.","Accessory","Display, correction, logging, control","[""Consideration"",""Technical Evaluation"",""Commercial Discussion"",""Retention / Expansion""]","What display, mounting, logging, and correction accessories are needed to make the laser gauge useful on the line?","Covered as a support item only under signed Services Agreement Annexure A dated 9 July 2026; no standalone page, campaign, form, automation, outreach sequence, SEO asset, selector, calculator, configurator, or extra deliverable unless separately approved in writing.","[""Extrusion"",""Inspection"",""Data Layer""]","HMI display, guide rollers, auto-correction pot, stands, rotating stand, extra display, data logger, controller.","Source-Limited","HMI display / extra display","Laser measurement ecosystem","[""Automation Engineer"",""Production Manager"",""Maintenance Head"",""Sales Engineer""]","Accessory","Accessory-specific","Accessories group","LASER 2008/2008B; LASER 2000; LASER-H.","Need installation, display, and correction support around laser gauges.","Use this to bundle the laser proposal into a deployable solution, especially when operators need display/logging/correction support.","Accessories group","Laser Measurement Ecosystem","Where will the gauge be mounted? Who needs to see the reading? Is logging, alarm output, or line correction required?","HMI, data logger, controller, stands","Depends on accessory","Ask for sample/application details","Covered Support Item","Display, setup, correction, logging","Laser / Measurement Accessories Group","https://app.notion.com/p/1e23dd29567d8249b01581a10a56f448"
"Online sensing","Puretronics Wire and Cable Industry Product Portfolio and Technical Reference.md; Loadcell product sheet; Appendix A","[""Tension Measurement \u0026 Control""]","Mechanical force","","","Pilot-hole mounting distinction.","LA-175/LXR amplifier/controller; WTI","Medium","Pilot-hole flange-mount loadcell for tension sensing installations.","Medium","Use when the mechanical mounting requirement makes AR-125 preferable to standard flange options.","Strategic","CE/ATEX references","Tension / Braking / Line Control","[""Product Family Profile"",""Technical Appendix"",""Automation / Industry 4.0"",""Use Case Matrix""]","03 Tension & Braking Control","More installation flexibility for process machines.","Model / Variant","20mV/10V signal","[""Consideration"",""Technical Evaluation"",""Commercial Discussion"",""Retention / Expansion""]","Does the machine require pilot-bore style loadcell mounting?","Covered by signed Services Agreement Annexure A dated 9 July 2026. Product intelligence must remain within the signed Wire & Cable pilot scope; final specs/configuration to be verified where row caveats require.","[""Tension Control"",""Pay-off""]","50-500kg, 25mm shaft OD, 20mV/10V, pilot-bore mount.","Variant-Dependent","Via connected amplifier/display","Process machines needing pilot hole mount","[""Automation Engineer"",""Maintenance Head"",""Production Manager"",""Sales Engineer""]","Loadcell","300% full-scale protection","50-500kg; 25mm shaft OD","LA-175/LXR; WTI.","Need flange-mount loadcell with pilot hole.","Confirm mount style first; the sales value is installation fit, not a generic loadcell claim.","AR-125 Series","Loadcell Series","Is a pilot-bore mount required? What capacity, shaft OD, and signal conditioning are needed?","Amplifier/controller integration","10VDC excitation","Quote configuration","Covered Primary / Variant","Web/wire tension force","Loadcell AR-125 Series","https://app.notion.com/p/7643dd29567d838c844c0107be6a1f51"
"Up to 1500 RPM","Puretronics Wire and Cable Industry Product Portfolio and Technical Reference.md; Pneumatic Brake source sheet; Appendix A","[""Tension Measurement \u0026 Control"",""Braking \u0026 Unwind/Rewind Control""]","Compressed air to caliper","","40kg","Configure torque to application.","Caliper, pad, hub, fan configuration by application","Medium","Mid-range pneumatic braking for flexible torque control.","Medium","Use as the mid-range AX pneumatic brake option for process tension and braking applications.","Strategic","Pressure range 0.2-6 bar","Tension / Braking / Line Control","[""Product Family Profile"",""Technical Appendix"",""Automation / Industry 4.0"",""Use Case Matrix""]","03 Tension & Braking Control","Flexible braking torque for unwinding/rewinding.","Model / Variant","Braking force / torque","[""Consideration"",""Technical Evaluation"",""Commercial Discussion"",""Retention / Expansion""]","Do you need a mid-range pneumatic brake for controlled unwinding or rewinding?","Covered by signed Services Agreement Annexure A dated 9 July 2026. Product intelligence must remain within the signed Wire & Cable pilot scope; final specs/configuration to be verified where row caveats require.","[""Braking"",""Pay-off"",""Rewinding""]","27 kg m max torque/caliper, 1500 RPM, 40kg, high heat dissipation.","Variant-Dependent","Mechanical brake assembly","Medium unwind/rewind","[""Production Manager"",""Maintenance Head"",""Automation Engineer"",""Plant Head"",""Sales Engineer""]","Brake","High heat dissipation; inertia 0.25 kg m2","27 kg m max torque/caliper; 0.25 kg m min","LTC-PRO; Loadcells.","Need mid-range pneumatic braking.","Good fit when AX-250 is undersized but AX-500 is not required.","AX-400","AX Pneumatic Brake Series","What is the required braking torque and heat dissipation profile? Will it be controlled by LTC-PRO or another tension system?","Works with tension-control systems","Pneumatic air pressure","Quote configuration","Covered Primary / Variant","Braking torque","AX-400 Pneumatic Brake","https://app.notion.com/p/a253dd29567d832498b2012d4d5a0c2c"
"Offline test","Puretronics Wire and Cable Industry Product Portfolio and Technical Reference.md; brochure HV tester section; Appendix A","[""Electrical/HV Validation""]","HV probe; test setup","300 x 350 x 300mm","10.5kg","Other voltage ranges on request.","Other voltage ranges on request; pair with AC HV and spark testing","Medium","Offline DC high-voltage insulation validation with soft auto-discharge.","Medium","Use as the portable/offline DC validation product for insulation QA outside the production line.","Strategic","Door interlock; electronic tripping","Cable Testing & Validation","[""Product Family Profile"",""Compliance / QA"",""Technical Appendix"",""Use Case Matrix""]","12 Offline HV Testing","Gentle, digital, low-power high-voltage testing.","Product","Audio/visual fault indication; soft auto-discharge","[""Consideration"",""Technical Evaluation"",""Commercial Discussion"",""Retention / Expansion""]","Do you need offline DC high-voltage testing for finished coils, drums, or samples?","Covered by signed Services Agreement Annexure A dated 9 July 2026. Product intelligence must remain within the signed Wire & Cable pilot scope; final specs/configuration to be verified where row caveats require.","[""Offline Testing"",""QA""]","0.5-20KV, 1mA, soft auto-discharge, <200W source benefit, 10.5kg.","Variant-Dependent","Digital voltage/current display; digital timer","Cable coils/drums/products","[""QA/QC Head"",""Maintenance Head"",""Production Manager"",""R&D / Technical Team"",""Sales Engineer""]","Tester","Portable low-power test equipment","0.5-20KV; 1mA","AC HV Tester; Spark Tester; Fire Resistance System.","Need portable insulation validation for coils/drums.","Separate inline spark testing from offline HV validation; they answer different QA questions.","DC HV Tester","HV Tester Platform","What voltage/current range, sample type, safety setup, and fault indication do you need?","Digital test control","230VAC 50-60Hz","Schedule technical call","Covered Primary / Variant","High-voltage insulation testing","DC HV Tester","https://app.notion.com/p/b343dd29567d83a3b6d501aafe6c09c1"
"Up to 2500 RPM","Puretronics Wire and Cable Industry Product Portfolio and Technical Reference.md; Pneumatic Brake source sheet; Appendix A","[""Tension Measurement \u0026 Control"",""Braking \u0026 Unwind/Rewind Control""]","Compressed air to caliper","","22kg","Number of calipers/pads/hub/fan configurable.","Number of calipers, pads, hub, fan configurable","Medium","Pressure-proportional pneumatic braking for smaller unwind/rewind torque applications.","Medium","Position as the smaller AX brake option for tension-control systems using pneumatic actuation.","Strategic","Pressure range 0.2-6 bar","Tension / Braking / Line Control","[""Product Family Profile"",""Technical Appendix"",""Automation / Industry 4.0"",""Use Case Matrix""]","03 Tension & Braking Control","Pressure-proportional torque control.","Model / Variant","Braking force / torque","[""Consideration"",""Technical Evaluation"",""Commercial Discussion"",""Retention / Expansion""]","What torque range and RPM do your unwind/rewind brakes need to handle?","Covered by signed Services Agreement Annexure A dated 9 July 2026. Product intelligence must remain within the signed Wire & Cable pilot scope; final specs/configuration to be verified where row caveats require.","[""Braking"",""Pay-off"",""Rewinding""]","16 kg m max torque/caliper, 2500 RPM, 22kg, modular calipers.","Variant-Dependent","Mechanical brake assembly","Unwind/rewind, wire/cable, packaging, textile","[""Production Manager"",""Maintenance Head"",""Automation Engineer"",""Plant Head"",""Sales Engineer""]","Brake","Modular calipers; inertia 0.058 kg m2","16 kg m max torque/caliper; 0.15 kg m min","LTC-PRO; Loadcells; WTI.","Need modular pneumatic braking for smaller torque range.","Treat as actuator hardware; pair with LTC-PRO/loadcells to make the system story complete.","AX-250","AX Pneumatic Brake Series","What roll inertia, line speed, brake torque, air pressure, and caliper configuration are required?","Works with tension-control systems","Pneumatic air pressure","Quote configuration","Covered Primary / Variant","Braking torque","AX-250 Pneumatic Brake","https://app.notion.com/p/5ea3dd29567d82c682e181b413ac2561"
"800 scans/sec/axis","Puretronics Wire and Cable Industry Product Portfolio and Technical Reference.md; LASER 2000 Series section; Appendix A","[""Dimensional Measurement \u0026 Control"",""Data \u0026 Reporting""]","Product through dual-axis scan","385 x 374 x 56mm","6.8kg","Larger physical unit than LASER-2060 despite smaller range.","DPM display/controller, PLC/computer integration","High","Dual-axis non-contact measurement for smaller wire and cable products.","Medium","Position as the precision LASER 2000 option for smaller products requiring tight dimensional control.","Strategic","Dustproof/waterproof; no corrosive gas/oil/steam/dust","Inline Measurement & Dimensional Control","[""Portfolio Map"",""Product Family Profile"",""Technical Appendix"",""Automation / Industry 4.0"",""Use Case Matrix""]","08 Online Measurement","Improves tight tolerance monitoring.","Model / Variant","Two relay alarms; optional control signal via DPM","[""Awareness"",""Consideration"",""Technical Evaluation"",""Commercial Discussion""]","Are you measuring smaller cable/rod dimensions where sub-micron center accuracy matters?","Covered by signed Services Agreement Annexure A dated 9 July 2026. Product intelligence must remain within the signed Wire & Cable pilot scope; final specs/configuration to be verified where row caveats require.","[""Extrusion"",""Inspection"",""Data Layer""]","0.1-30mm range, 0.3 micron center accuracy, dual-axis non-contact scan.","Complete Source-Backed","5-digit red LED","Smaller wire/cable products","[""Production Manager"",""QA/QC Head"",""Automation Engineer"",""R&D / Technical Team"",""Sales Engineer""]","Gauge","Dustproof/waterproof; avoid corrosive gas, oil, steam, and dust exposure","0.1-30mm","DPM display/controller; PLC; computer.","Need precise measurement across smaller cables or rods.","Use when precision and smaller ranges matter more than large gate coverage.","LASER-2012","LASER 2000 Series","What minimum/maximum diameter and tolerance do you need? Is ovality or flat dimension monitoring required?","RS485 Modbus; PLC; computer; DPM","24V, 1A contact load","Share specs","Covered Primary / Variant","Diameter, width, thickness, ovality","LASER-2012","https://app.notion.com/p/b293dd29567d833397d981cc64d3a395"
